date,net_flow,net_flow_cny_million,money_flow_method,traded_value,net_flow_direction
2024-12-30,-712507078.9199946,-712.5070789199946,ohlcv_price_volume_proxy,1370205921.0,outflow
2024-12-31,-1364051145.2702718,-1364.0511452702717,ohlcv_price_volume_proxy,1441996925.0,outflow
2025-01-01,0.0,0.0,ohlcv_price_volume_proxy,0.0,flat
2025-01-02,-1081733319.1176476,-1081.7333191176476,ohlcv_price_volume_proxy,1671769675.0,outflow
2025-01-03,-1027771461.9375032,-1027.7714619375033,ohlcv_price_volume_proxy,1174595956.5,outflow
2025-01-04,0.0,0.0,ohlcv_price_volume_proxy,0.0,flat
2025-01-05,0.0,0.0,ohlcv_price_volume_proxy,0.0,flat
2025-01-06,-160607253.89999714,-160.60725389999715,ohlcv_price_volume_proxy,803036269.5,outflow
2025-01-07,774658489.5,774.6584895,ohlcv_price_volume_proxy,774658489.5,inflow
2025-01-08,177980135.52631247,177.98013552631247,ohlcv_price_volume_proxy,1127207525.0,inflow
2025-01-09,166096938.1249963,166.0969381249963,ohlcv_price_volume_proxy,664387752.5,inflow
2025-01-10,-832277481.9999999,-832.2774819999998,ohlcv_price_volume_proxy,832277481.9999999,outflow
2025-01-11,0.0,0.0,ohlcv_price_volume_proxy,0.0,flat
2025-01-12,0.0,0.0,ohlcv_price_volume_proxy,0.0,flat
2025-01-13,201023047.6739135,201.0230476739135,ohlcv_price_volume_proxy,660504299.5,inflow
2025-01-14,1113937755.65217,1113.93775565217,ohlcv_price_volume_proxy,1423364910.0,inflow
2025-01-15,-573259193.2941241,-573.2591932941241,ohlcv_price_volume_proxy,885946026.0,outflow
2025-01-16,551736760.1086918,551.7367601086918,ohlcv_price_volume_proxy,1153631407.5,inflow
2025-01-17,-518482824.9999847,-518.4828249999847,ohlcv_price_volume_proxy,777724237.5,outflow
2025-01-18,0.0,0.0,ohlcv_price_volume_proxy,0.0,flat
2025-01-19,0.0,0.0,ohlcv_price_volume_proxy,0.0,flat
2025-01-20,-501233575.49999404,-501.23357549999406,ohlcv_price_volume_proxy,835389292.5,outflow
2025-01-21,-270951508.9285699,-270.9515089285699,ohlcv_price_volume_proxy,632220187.5,outflow
2025-01-22,43273863.59999897,43.273863599998975,ohlcv_price_volume_proxy,649107954.0,inflow
2025-01-23,-958735296.0000001,-958.7352960000002,ohlcv_price_volume_proxy,958735296.0000001,outflow
2025-01-24,462540567.12500733,462.5405671250073,ohlcv_price_volume_proxy,792926686.5,inflow
2025-01-25,0.0,0.0,ohlcv_price_volume_proxy,0.0,flat
2025-01-26,0.0,0.0,ohlcv_price_volume_proxy,0.0,flat
2025-01-27,-685648828.5,-685.6488285,ohlcv_price_volume_proxy,685648828.5,outflow
2025-01-28,0.0,0.0,ohlcv_price_volume_proxy,0.0,flat
2025-01-29,0.0,0.0,ohlcv_price_volume_proxy,0.0,flat
2025-01-30,0.0,0.0,ohlcv_price_volume_proxy,0.0,flat
2025-01-31,0.0,0.0,ohlcv_price_volume_proxy,0.0,flat
2025-02-01,0.0,0.0,ohlcv_price_volume_proxy,0.0,flat
2025-02-02,0.0,0.0,ohlcv_price_volume_proxy,0.0,flat
2025-02-03,0.0,0.0,ohlcv_price_volume_proxy,0.0,flat
2025-02-04,0.0,0.0,ohlcv_price_volume_proxy,0.0,flat
2025-02-05,101729836.65000634,101.72983665000633,ohlcv_price_volume_proxy,1017298366.5000001,inflow
2025-02-06,1718110150.4032204,1718.1101504032204,ohlcv_price_volume_proxy,1972644987.5,inflow
2025-02-07,834743131.7105217,834.7431317105217,ohlcv_price_volume_proxy,3172023900.5,inflow
2025-02-08,0.0,0.0,ohlcv_price_volume_proxy,0.0,flat
2025-02-09,0.0,0.0,ohlcv_price_volume_proxy,0.0,flat
2025-02-10,-2610163517.1126595,-2610.1635171126595,ohlcv_price_volume_proxy,5615806355.0,outflow
2025-02-11,-2927070345.999989,-2927.070345999989,ohlcv_price_volume_proxy,3235183014.0,outflow
2025-02-12,1716184623.3913083,1716.1846233913084,ohlcv_price_volume_proxy,1879630778.0,inflow
2025-02-13,-1543730530.4838727,-1543.7305304838726,ohlcv_price_volume_proxy,1650194705.0,outflow
2025-02-14,327177294.6296348,327.1772946296348,ohlcv_price_volume_proxy,1766757391.0,inflow
2025-02-15,0.0,0.0,ohlcv_price_volume_proxy,0.0,flat
2025-02-16,0.0,0.0,ohlcv_price_volume_proxy,0.0,flat
2025-02-17,-286228682.09999496,-286.22868209999496,ohlcv_price_volume_proxy,1431143410.5,outflow
2025-02-18,-933200186.7857214,-933.2001867857214,ohlcv_price_volume_proxy,1306480261.5,outflow
2025-02-19,473858343.33332396,473.85834333332394,ohlcv_price_volume_proxy,1066181272.5,inflow
2025-02-20,222626971.50001013,222.62697150001014,ohlcv_price_volume_proxy,964716876.5,inflow
2025-02-21,1090013834.000002,1090.013834000002,ohlcv_price_volume_proxy,1257708270.0,inflow
2025-02-22,0.0,0.0,ohlcv_price_volume_proxy,0.0,flat
2025-02-23,0.0,0.0,ohlcv_price_volume_proxy,0.0,flat
2025-02-24,-248315531.10000354,-248.31553110000354,ohlcv_price_volume_proxy,1241577655.5,outflow
2025-02-25,752849331.6315837,752.8493316315837,ohlcv_price_volume_proxy,1589348589.0,inflow
2025-02-26,295822176.545445,295.822176545445,ohlcv_price_volume_proxy,1084681314.0,inflow
2025-02-27,-421072634.1666666,-421.0726341666666,ohlcv_price_volume_proxy,1263217902.5,outflow
2025-02-28,-1348517357.9347856,-1348.5173579347857,ohlcv_price_volume_proxy,1476947582.5,outflow
2025-03-01,0.0,0.0,ohlcv_price_volume_proxy,0.0,flat
2025-03-02,0.0,0.0,ohlcv_price_volume_proxy,0.0,flat
2025-03-03,64106828.96874858,64.10682896874857,ohlcv_price_volume_proxy,1025709263.5,inflow
2025-03-04,654908905.0,654.908905,ohlcv_price_volume_proxy,654908905.0,inflow
2025-03-05,-193747334.55881947,-193.74733455881946,ohlcv_price_volume_proxy,658740937.5,outflow
2025-03-06,336006772.50000995,336.00677250000996,ohlcv_price_volume_proxy,1008020317.5000001,inflow
2025-03-07,-426207736.8947333,-426.20773689473333,ohlcv_price_volume_proxy,899771889.0,outflow
2025-03-08,0.0,0.0,ohlcv_price_volume_proxy,0.0,flat
2025-03-09,0.0,0.0,ohlcv_price_volume_proxy,0.0,flat
2025-03-10,-126495307.05882089,-126.49530705882088,ohlcv_price_volume_proxy,716806740.0,outflow
2025-03-11,697633450.5,697.6334505,ohlcv_price_volume_proxy,697633450.5,inflow
2025-03-12,-227001219.54545912,-227.00121954545912,ohlcv_price_volume_proxy,1248506707.5,outflow
2025-03-13,-378535615.11112046,-378.5356151111205,ohlcv_price_volume_proxy,851705134.0,outflow
2025-03-14,842185490.2499896,842.1854902499896,ohlcv_price_volume_proxy,1122913987.0,inflow
2025-03-15,0.0,0.0,ohlcv_price_volume_proxy,0.0,flat
2025-03-16,0.0,0.0,ohlcv_price_volume_proxy,0.0,flat
2025-03-17,-166748758.80001184,-166.74875880001184,ohlcv_price_volume_proxy,833743794.0,outflow
2025-03-18,115723584.32143664,115.72358432143665,ohlcv_price_volume_proxy,1620130180.5,inflow
2025-03-19,-562795586.1000067,-562.7955861000067,ohlcv_price_volume_proxy,937992643.5,outflow
2025-03-20,-167853367.49999604,-167.85336749999604,ohlcv_price_volume_proxy,839266837.5,outflow
2025-03-21,-1036462473.9000031,-1036.462473900003,ohlcv_price_volume_proxy,1151624971.0,outflow
2025-03-22,0.0,0.0,ohlcv_price_volume_proxy,0.0,flat
2025-03-23,0.0,0.0,ohlcv_price_volume_proxy,0.0,flat
2025-03-24,481924930.49999535,481.92493049999536,ohlcv_price_volume_proxy,852636415.4999999,inflow
2025-03-25,-49936605.68181657,-49.93660568181657,ohlcv_price_volume_proxy,549302662.5,outflow
2025-03-26,198903408.00000942,198.90340800000942,ohlcv_price_volume_proxy,596710224.0,inflow
2025-03-27,-59973226.19999894,-59.97322619999894,ohlcv_price_volume_proxy,599732262.0,outflow
2025-03-28,-395367286.15385556,-395.36728615385556,ohlcv_price_volume_proxy,856629119.9999999,outflow
2025-03-29,0.0,0.0,ohlcv_price_volume_proxy,0.0,flat
2025-03-30,0.0,0.0,ohlcv_price_volume_proxy,0.0,flat
2025-03-31,-263880473.60000375,-263.88047360000377,ohlcv_price_volume_proxy,1319402368.0,outflow
2025-04-01,118465710.71739557,118.46571071739558,ohlcv_price_volume_proxy,908237115.4999999,inflow
2025-04-02,-37151587.49999937,-37.151587499999366,ohlcv_price_volume_proxy,780183337.5,outflow
2025-04-03,-202409748.1666607,-202.4097481666607,ohlcv_price_volume_proxy,607229244.5,outflow
2025-04-04,0.0,0.0,ohlcv_price_volume_proxy,0.0,flat
2025-04-05,0.0,0.0,ohlcv_price_volume_proxy,0.0,flat
2025-04-06,0.0,0.0,ohlcv_price_volume_proxy,0.0,flat
2025-04-07,-1768679945.4999998,-1768.6799454999998,ohlcv_price_volume_proxy,1768679945.4999998,outflow
2025-04-08,462956946.27777225,462.95694627777226,ohlcv_price_volume_proxy,1190460719.0,inflow
2025-04-09,1204694692.3809478,1204.6946923809478,ohlcv_price_volume_proxy,1331504660.0,inflow
2025-04-10,383466097.7999994,383.46609779999943,ohlcv_price_volume_proxy,1065183605.0000001,inflow
2025-04-11,498990119.558823,498.990119558823,ohlcv_price_volume_proxy,942536892.5000001,inflow
2025-04-12,0.0,0.0,ohlcv_price_volume_proxy,0.0,flat
2025-04-13,0.0,0.0,ohlcv_price_volume_proxy,0.0,flat
2025-04-14,-33725703.348484114,-33.72570334848412,ohlcv_price_volume_proxy,1112948210.4999998,outflow
2025-04-15,-345274038.57142454,-345.27403857142457,ohlcv_price_volume_proxy,557750370.0,outflow
2025-04-16,403811881.81818426,403.81188181818425,ohlcv_price_volume_proxy,555241337.5,inflow
2025-04-17,-411734797.5,-411.7347975,ohlcv_price_volume_proxy,411734797.5,outflow
2025-04-18,190487377.50000224,190.48737750000222,ohlcv_price_volume_proxy,353762272.5,inflow
2025-04-19,0.0,0.0,ohlcv_price_volume_proxy,0.0,flat
2025-04-20,0.0,0.0,ohlcv_price_volume_proxy,0.0,flat
2025-04-21,245285986.00000182,245.28598600000183,ohlcv_price_volume_proxy,367928979.0,inflow
2025-04-22,-147020522.80000392,-147.0205228000039,ohlcv_price_volume_proxy,367551307.0,outflow
2025-04-23,-166666116.34615746,-166.66611634615745,ohlcv_price_volume_proxy,433331902.49999994,outflow
2025-04-24,-362001840.42857295,-362.00184042857296,ohlcv_price_volume_proxy,422335480.5,outflow
2025-04-25,-90893809.5882334,-90.8938095882334,ohlcv_price_volume_proxy,515064921.0,outflow
2025-04-26,0.0,0.0,ohlcv_price_volume_proxy,0.0,flat
2025-04-27,0.0,0.0,ohlcv_price_volume_proxy,0.0,flat
2025-04-28,-521979124.5,-521.9791245,ohlcv_price_volume_proxy,521979124.5,outflow
2025-04-29,-442770938.0,-442.770938,ohlcv_price_volume_proxy,442770938.0,outflow
2025-04-30,353059692.63157386,353.05969263157385,ohlcv_price_volume_proxy,516010320.0,inflow
2025-05-01,0.0,0.0,ohlcv_price_volume_proxy,0.0,flat
2025-05-02,0.0,0.0,ohlcv_price_volume_proxy,0.0,flat
2025-05-03,0.0,0.0,ohlcv_price_volume_proxy,0.0,flat
2025-05-04,0.0,0.0,ohlcv_price_volume_proxy,0.0,flat
2025-05-05,0.0,0.0,ohlcv_price_volume_proxy,0.0,flat
2025-05-06,513267562.5000016,513.2675625000016,ohlcv_price_volume_proxy,586591500.0,inflow
2025-05-07,-218084146.00000694,-218.08414600000694,ohlcv_price_volume_proxy,591942681.9999999,outflow
2025-05-08,239826030.0333398,239.8260300333398,ohlcv_price_volume_proxy,513912921.5,inflow
2025-05-09,-279497155.8461572,-279.49715584615717,ohlcv_price_volume_proxy,403718113.99999994,outflow
2025-05-10,0.0,0.0,ohlcv_price_volume_proxy,0.0,flat
2025-05-11,0.0,0.0,ohlcv_price_volume_proxy,0.0,flat
2025-05-12,379544777.5000038,379.5447775000038,ohlcv_price_volume_proxy,531362688.5,inflow
2025-05-13,-357490323.55262643,-357.4903235526264,ohlcv_price_volume_proxy,522485857.5,outflow
2025-05-14,335491099.26923484,335.49109926923484,ohlcv_price_volume_proxy,484598254.5,inflow
2025-05-15,-534958318.0,-534.958318,ohlcv_price_volume_proxy,534958318.0,outflow
2025-05-16,214497030.6818168,214.4970306818168,ohlcv_price_volume_proxy,471893467.5,inflow
2025-05-17,0.0,0.0,ohlcv_price_volume_proxy,0.0,flat
2025-05-18,0.0,0.0,ohlcv_price_volume_proxy,0.0,flat
2025-05-19,0.0,0.0,ohlcv_price_volume_proxy,375787262.5,flat
2025-05-20,355014575.3846129,355.0145753846129,ohlcv_price_volume_proxy,1258688039.9999998,inflow
2025-05-21,-43186100.205881454,-43.18610020588145,ohlcv_price_volume_proxy,734163703.5,outflow
2025-05-22,286741239.256411,286.741239256411,ohlcv_price_volume_proxy,1597558333.0,inflow
2025-05-23,-343313260.5789495,-343.3132605789495,ohlcv_price_volume_proxy,2174317317.0,outflow
2025-05-24,0.0,0.0,ohlcv_price_volume_proxy,0.0,flat
2025-05-25,0.0,0.0,ohlcv_price_volume_proxy,0.0,flat
2025-05-26,-1030685358.2142911,-1030.685358214291,ohlcv_price_volume_proxy,1311781365.0,outflow
2025-05-27,-368966683.85293347,-368.96668385293344,ohlcv_price_volume_proxy,696937069.5,outflow
2025-05-28,-557528398.7500025,-557.5283987500025,ohlcv_price_volume_proxy,669034078.5,outflow
2025-05-29,611938954.3548454,611.9389543548454,ohlcv_price_volume_proxy,998426715.0,inflow
2025-05-30,-421151692.49998933,-421.15169249998934,ohlcv_price_volume_proxy,589612369.5,outflow
2025-05-31,0.0,0.0,ohlcv_price_volume_proxy,0.0,flat
2025-06-01,0.0,0.0,ohlcv_price_volume_proxy,0.0,flat
2025-06-02,0.0,0.0,ohlcv_price_volume_proxy,0.0,flat
2025-06-03,864047891.0769204,864.0478910769203,ohlcv_price_volume_proxy,1248069176.0,inflow
2025-06-04,-340791530.2647098,-340.79153026470976,ohlcv_price_volume_proxy,526677819.5,outflow
2025-06-05,510950503.5753383,510.9505035753383,ohlcv_price_volume_proxy,2869183597.0,inflow
2025-06-06,-1093557402.0000012,-1093.5574020000013,ohlcv_price_volume_proxy,1718447345.9999998,outflow
2025-06-07,0.0,0.0,ohlcv_price_volume_proxy,0.0,flat
2025-06-08,0.0,0.0,ohlcv_price_volume_proxy,0.0,flat
2025-06-09,1167984022.9838774,1167.9840229838774,ohlcv_price_volume_proxy,1448300188.5,inflow
2025-06-10,-467807609.63792884,-467.80760963792886,ohlcv_price_volume_proxy,1043570821.5,outflow
2025-06-11,-256107612.11539584,-256.10761211539585,ohlcv_price_volume_proxy,665879791.5,outflow
2025-06-12,567470467.7727207,567.4704677727207,ohlcv_price_volume_proxy,891739306.5,inflow
2025-06-13,-68906041.54837367,-68.90604154837366,ohlcv_price_volume_proxy,2136087288.0000002,outflow
2025-06-14,0.0,0.0,ohlcv_price_volume_proxy,0.0,flat
2025-06-15,0.0,0.0,ohlcv_price_volume_proxy,0.0,flat
2025-06-16,-697847748.5769295,-697.8477485769295,ohlcv_price_volume_proxy,1008002303.5,outflow
2025-06-17,-236618628.33332866,-236.61862833332867,ohlcv_price_volume_proxy,709855885.0,outflow
2025-06-18,79561522.49999765,79.56152249999765,ohlcv_price_volume_proxy,477369134.99999994,inflow
2025-06-19,-419287612.05882627,-419.28761205882626,ohlcv_price_volume_proxy,548299185.0,outflow
2025-06-20,-149983970.200004,-149.98397020000402,ohlcv_price_volume_proxy,374959925.5,outflow
2025-06-21,0.0,0.0,ohlcv_price_volume_proxy,0.0,flat
2025-06-22,0.0,0.0,ohlcv_price_volume_proxy,0.0,flat
2025-06-23,370131739.7727293,370.1317397727293,ohlcv_price_volume_proxy,452383237.5,inflow
2025-06-24,422865065.70000505,422.86506570000506,ohlcv_price_volume_proxy,704775109.5000001,inflow
2025-06-25,742731090.8333293,742.7310908333293,ohlcv_price_volume_proxy,1179631732.5,inflow
2025-06-26,-565030914.6428658,-565.0309146428658,ohlcv_price_volume_proxy,1078695382.5,outflow
2025-06-27,-462426061.2631524,-462.4260612631524,ohlcv_price_volume_proxy,798735924.0,outflow
2025-06-28,0.0,0.0,ohlcv_price_volume_proxy,0.0,flat
2025-06-29,0.0,0.0,ohlcv_price_volume_proxy,0.0,flat
2025-06-30,570877703.4999999,570.8777034999998,ohlcv_price_volume_proxy,570877703.4999999,inflow
2025-07-01,-289167637.5555627,-289.1676375555627,ohlcv_price_volume_proxy,650627184.5,outflow
2025-07-02,-221578172.43749508,-221.57817243749508,ohlcv_price_volume_proxy,590875126.5,outflow
2025-07-03,200483485.7142925,200.4834857142925,ohlcv_price_volume_proxy,467794800.0,inflow
2025-07-04,-407227411.50000226,-407.2274115000023,ohlcv_price_volume_proxy,523578100.5,outflow
2025-07-05,0.0,0.0,ohlcv_price_volume_proxy,0.0,flat
2025-07-06,0.0,0.0,ohlcv_price_volume_proxy,0.0,flat
2025-07-07,-164324051.5714341,-164.3240515714341,ohlcv_price_volume_proxy,383422786.99999994,outflow
2025-07-08,405444777.88889116,405.44477788889117,ohlcv_price_volume_proxy,521286143.0,inflow
2025-07-09,-304114529.33334774,-304.1145293333477,ohlcv_price_volume_proxy,912343587.9999999,outflow
2025-07-10,49541012.09089949,49.54101209089949,ohlcv_price_volume_proxy,544951133.0,inflow
2025-07-11,240710512.50000572,240.71051250000573,ohlcv_price_volume_proxy,722131537.5,inflow
2025-07-12,0.0,0.0,ohlcv_price_volume_proxy,0.0,flat
2025-07-13,0.0,0.0,ohlcv_price_volume_proxy,0.0,flat
2025-07-14,-325986729.2857176,-325.9867292857176,ohlcv_price_volume_proxy,456381421.0,outflow
2025-07-15,-191148981.61764306,-191.14898161764305,ohlcv_price_volume_proxy,649906537.5,outflow
2025-07-16,-52519413.66666542,-52.51941366666542,ohlcv_price_volume_proxy,787791205.0,outflow
2025-07-17,721280122.5,721.2801225,ohlcv_price_volume_proxy,721280122.5,inflow
2025-07-18,423521126.4285757,423.5211264285757,ohlcv_price_volume_proxy,592929577.0,inflow
2025-07-19,0.0,0.0,ohlcv_price_volume_proxy,0.0,flat
2025-07-20,0.0,0.0,ohlcv_price_volume_proxy,0.0,flat
2025-07-21,874336945.9999999,874.3369459999999,ohlcv_price_volume_proxy,874336945.9999999,inflow
2025-07-22,829291896.8571217,829.2918968571217,ohlcv_price_volume_proxy,967507212.9999999,inflow
2025-07-23,-1166592780.000003,-1166.5927800000031,ohlcv_price_volume_proxy,1289392020.0,outflow
2025-07-24,1183273245.0,1183.273245,ohlcv_price_volume_proxy,1183273245.0,inflow
2025-07-25,-54508861.03448142,-54.50886103448142,ohlcv_price_volume_proxy,1580756970.0,outflow
2025-07-26,0.0,0.0,ohlcv_price_volume_proxy,0.0,flat
2025-07-27,0.0,0.0,ohlcv_price_volume_proxy,0.0,flat
2025-07-28,2160130303.1489472,2160.1303031489474,ohlcv_price_volume_proxy,2743949304.0,inflow
2025-07-29,554123174.4000106,554.1231744000106,ohlcv_price_volume_proxy,2154923456.0,inflow
2025-07-30,-1736293816.800004,-1736.293816800004,ohlcv_price_volume_proxy,2893823028.0,outflow
2025-07-31,-1345449928.1999958,-1345.4499281999958,ohlcv_price_volume_proxy,1922071326.0000002,outflow
2025-08-01,-518623540.5000077,-518.6235405000077,ohlcv_price_volume_proxy,1037247081.0,outflow
2025-08-02,0.0,0.0,ohlcv_price_volume_proxy,0.0,flat
2025-08-03,0.0,0.0,ohlcv_price_volume_proxy,0.0,flat
2025-08-04,819891550.500001,819.8915505000009,ohlcv_price_volume_proxy,894427145.9999999,inflow
2025-08-05,291742822.79998183,291.7428227999818,ohlcv_price_volume_proxy,729357056.9999999,inflow
2025-08-06,286931033.99999154,286.93103399999154,ohlcv_price_volume_proxy,860793102.0,inflow
2025-08-07,-541019482.6153879,-541.0194826153879,ohlcv_price_volume_proxy,781472586.0,outflow
2025-08-08,-456946490.00000465,-456.94649000000464,ohlcv_price_volume_proxy,639725086.0,outflow
2025-08-09,0.0,0.0,ohlcv_price_volume_proxy,0.0,flat
2025-08-10,0.0,0.0,ohlcv_price_volume_proxy,0.0,flat
2025-08-11,671755460.0000067,671.7554600000067,ohlcv_price_volume_proxy,1007633190.0,inflow
2025-08-12,-520949709.09090805,-520.9497090909081,ohlcv_price_volume_proxy,1432611700.0,outflow
2025-08-13,-802890172.0000074,-802.8901720000074,ohlcv_price_volume_proxy,1261684556.0,outflow
2025-08-14,-836224117.500004,-836.224117500004,ohlcv_price_volume_proxy,1114965490.0,outflow
2025-08-15,361871328.0000134,361.8713280000134,ohlcv_price_volume_proxy,964990208.0,inflow
2025-08-16,0.0,0.0,ohlcv_price_volume_proxy,0.0,flat
2025-08-17,0.0,0.0,ohlcv_price_volume_proxy,0.0,flat
2025-08-18,426159500.0000031,426.1595000000031,ohlcv_price_volume_proxy,1704638000.0,inflow
2025-08-19,-328015174.8571346,-328.0151748571346,ohlcv_price_volume_proxy,1148053112.0,outflow
2025-08-20,2187498582.0,2187.498582,ohlcv_price_volume_proxy,2187498582.0,inflow
2025-08-21,-668191754.9999841,-668.1917549999841,ohlcv_price_volume_proxy,1431839475.0,outflow
2025-08-22,1442209704.0,1442.209704,ohlcv_price_volume_proxy,1442209704.0,inflow
2025-08-23,0.0,0.0,ohlcv_price_volume_proxy,0.0,flat
2025-08-24,0.0,0.0,ohlcv_price_volume_proxy,0.0,flat
2025-08-25,455025711.176515,455.02571117651496,ohlcv_price_volume_proxy,2578479030.0,inflow
2025-08-26,368121005.5384347,368.1210055384347,ohlcv_price_volume_proxy,1595191023.9999998,inflow
2025-08-27,-3150599490.0,-3150.59949,ohlcv_price_volume_proxy,3150599490.0,outflow
2025-08-28,1164892116.6666691,1164.8921166666692,ohlcv_price_volume_proxy,2096805810.0000002,inflow
2025-08-29,-1669190814.0000124,-1669.1908140000123,ohlcv_price_volume_proxy,2225587752.0,outflow
2025-08-30,0.0,0.0,ohlcv_price_volume_proxy,0.0,flat
2025-08-31,0.0,0.0,ohlcv_price_volume_proxy,0.0,flat
2025-09-01,-307790599.2631521,-307.7905992631521,ohlcv_price_volume_proxy,1949340462.0,outflow
2025-09-02,-62477910.190463506,-62.477910190463504,ohlcv_price_volume_proxy,1312036114.0,outflow
2025-09-03,-937015085.2857199,-937.0150852857199,ohlcv_price_volume_proxy,1157489223.0,outflow
2025-09-04,430415653.0769112,430.4156530769112,ohlcv_price_volume_proxy,1119080697.9999998,inflow
2025-09-05,999693755.0000001,999.6937550000001,ohlcv_price_volume_proxy,999693755.0000001,inflow
2025-09-06,0.0,0.0,ohlcv_price_volume_proxy,0.0,flat
2025-09-07,0.0,0.0,ohlcv_price_volume_proxy,0.0,flat
2025-09-08,-570354599.2941347,-570.3545992941347,ohlcv_price_volume_proxy,1385146884.0,outflow
2025-09-09,298449530.1351294,298.4495301351294,ohlcv_price_volume_proxy,2208526523.0,inflow
2025-09-10,-132686316.21428235,-132.68631621428236,ohlcv_price_volume_proxy,1857608427.0,outflow
2025-09-11,790224839.9999825,790.2248399999825,ohlcv_price_volume_proxy,1264359744.0,inflow
2025-09-12,-858175670.769236,-858.1756707692359,ohlcv_price_volume_proxy,1239587080.0,outflow
2025-09-13,0.0,0.0,ohlcv_price_volume_proxy,0.0,flat
2025-09-14,0.0,0.0,ohlcv_price_volume_proxy,0.0,flat
2025-09-15,284475984.000019,284.475984000019,ohlcv_price_volume_proxy,1137903936.0000002,inflow
2025-09-16,0.0,0.0,ohlcv_price_volume_proxy,1063951000.0,flat
2025-09-17,537388992.000008,537.388992000008,ohlcv_price_volume_proxy,1074777984.0,inflow
2025-09-18,-1041705700.0000077,-1041.7057000000077,ohlcv_price_volume_proxy,1562558550.0,outflow
2025-09-19,-224864206.1538564,-224.8642061538564,ohlcv_price_volume_proxy,974411560.0,outflow
2025-09-20,0.0,0.0,ohlcv_price_volume_proxy,0.0,flat
2025-09-21,0.0,0.0,ohlcv_price_volume_proxy,0.0,flat
2025-09-22,-83979259.33331677,-83.97925933331678,ohlcv_price_volume_proxy,755813334.0000001,outflow
2025-09-23,54911237.2941165,54.911237294116496,ohlcv_price_volume_proxy,933491034.0,inflow
2025-09-24,592445684.5714135,592.4456845714135,ohlcv_price_volume_proxy,691186631.9999999,inflow
2025-09-25,-416065570.0000066,-416.06557000000663,ohlcv_price_volume_proxy,748918026.0,outflow
2025-09-26,205771462.20000783,205.77146220000782,ohlcv_price_volume_proxy,1714762185.0000002,inflow
2025-09-27,0.0,0.0,ohlcv_price_volume_proxy,0.0,flat
2025-09-28,0.0,0.0,ohlcv_price_volume_proxy,0.0,flat
2025-09-29,268140928.00001702,268.140928000017,ohlcv_price_volume_proxy,938493248.0,inflow
2025-09-30,103709502.74999769,103.7095027499977,ohlcv_price_volume_proxy,829676022.0,inflow
2025-10-01,0.0,0.0,ohlcv_price_volume_proxy,0.0,flat
2025-10-02,0.0,0.0,ohlcv_price_volume_proxy,0.0,flat
2025-10-03,0.0,0.0,ohlcv_price_volume_proxy,0.0,flat
2025-10-04,0.0,0.0,ohlcv_price_volume_proxy,0.0,flat
2025-10-05,0.0,0.0,ohlcv_price_volume_proxy,0.0,flat
2025-10-06,0.0,0.0,ohlcv_price_volume_proxy,0.0,flat
2025-10-07,0.0,0.0,ohlcv_price_volume_proxy,0.0,flat
2025-10-08,0.0,0.0,ohlcv_price_volume_proxy,0.0,flat
2025-10-09,1212213423.0,1212.213423,ohlcv_price_volume_proxy,1212213423.0,inflow
2025-10-10,1.2581139717905286e-05,1.2581139717905286e-11,ohlcv_price_volume_proxy,1558161444.0000002,inflow
2025-10-11,0.0,0.0,ohlcv_price_volume_proxy,0.0,flat
2025-10-12,0.0,0.0,ohlcv_price_volume_proxy,0.0,flat
2025-10-13,1433717534.302315,1433.717534302315,ohlcv_price_volume_proxy,1503654975.0,inflow
2025-10-14,-1278236314.444442,-1278.236314444442,ohlcv_price_volume_proxy,2300825366.0,outflow
2025-10-15,2534489960.5263014,2534.4899605263013,ohlcv_price_volume_proxy,3210353949.9999995,inflow
2025-10-16,-1508521414.4,-1508.5214144000001,ohlcv_price_volume_proxy,7542607072.0,outflow
2025-10-17,-3934649089.76813,-3934.6490897681297,ohlcv_price_volume_proxy,4601538766.0,outflow
2025-10-18,0.0,0.0,ohlcv_price_volume_proxy,0.0,flat
2025-10-19,0.0,0.0,ohlcv_price_volume_proxy,0.0,flat
2025-10-20,-1261605125.769221,-1261.605125769221,ohlcv_price_volume_proxy,1822318514.9999998,outflow
2025-10-21,331447772.50002205,331.44777250002204,ohlcv_price_volume_proxy,1325791090.0,inflow
2025-10-22,281281579.0909,281.2815790909,ohlcv_price_volume_proxy,1031365790.0,inflow
2025-10-23,714610482.545457,714.610482545457,ohlcv_price_volume_proxy,873412811.9999999,inflow
2025-10-24,1539158376.9767427,1539.1583769767428,ohlcv_price_volume_proxy,2451252230.0,inflow
2025-10-25,0.0,0.0,ohlcv_price_volume_proxy,0.0,flat
2025-10-26,0.0,0.0,ohlcv_price_volume_proxy,0.0,flat
2025-10-27,-342953870.2222154,-342.9538702222154,ohlcv_price_volume_proxy,1543292416.0,outflow
2025-10-28,-242462207.07690543,-242.46220707690543,ohlcv_price_volume_proxy,1050669564.0,outflow
2025-10-29,830570035.2000037,830.5700352000038,ohlcv_price_volume_proxy,1038212544.0,inflow
2025-10-30,-932701617.0000021,-932.7016170000021,ohlcv_price_volume_proxy,1042431219.0,outflow
2025-10-31,-400128819.0000089,-400.1288190000089,ohlcv_price_volume_proxy,800257638.0,outflow
2025-11-01,0.0,0.0,ohlcv_price_volume_proxy,0.0,flat
2025-11-02,0.0,0.0,ohlcv_price_volume_proxy,0.0,flat
2025-11-03,352218962.1428482,352.21896214284817,ohlcv_price_volume_proxy,821844244.9999999,inflow
2025-11-04,-341583668.99999243,-341.5836689999924,ohlcv_price_volume_proxy,910889784.0,outflow
2025-11-05,238318227.2727319,238.3182272727319,ohlcv_price_volume_proxy,524300100.0,inflow
2025-11-06,310371930.9090969,310.3719309090969,ohlcv_price_volume_proxy,682818248.0,inflow
2025-11-07,-566580630.0000001,-566.5806300000002,ohlcv_price_volume_proxy,566580630.0000001,outflow
2025-11-08,0.0,0.0,ohlcv_price_volume_proxy,0.0,flat
2025-11-09,0.0,0.0,ohlcv_price_volume_proxy,0.0,flat
2025-11-10,615413997.846137,615.413997846137,ohlcv_price_volume_proxy,727307452.0,inflow
2025-11-11,-278013471.8181729,-278.0134718181729,ohlcv_price_volume_proxy,611629638.0,outflow
2025-11-12,-235242432.00000796,-235.24243200000797,ohlcv_price_volume_proxy,548899008.0,outflow
2025-11-13,371010153.57143235,371.01015357143234,ohlcv_price_volume_proxy,519414215.00000006,inflow
2025-11-14,-426478437.00000316,-426.47843700000317,ohlcv_price_volume_proxy,568637916.0,outflow
2025-11-15,0.0,0.0,ohlcv_price_volume_proxy,0.0,flat
2025-11-16,0.0,0.0,ohlcv_price_volume_proxy,0.0,flat
2025-11-17,1.7498059001752463e-05,1.749805900175246e-11,ohlcv_price_volume_proxy,591031890.0,inflow
2025-11-18,-247864691.9999912,-247.8646919999912,ohlcv_price_volume_proxy,619661730.0,outflow
2025-11-19,-217843614.54545873,-217.84361454545873,ohlcv_price_volume_proxy,479255951.99999994,outflow
2025-11-20,-320139851.4285747,-320.1398514285747,ohlcv_price_volume_proxy,448195792.0,outflow
2025-11-21,-866377412.1538492,-866.3774121538493,ohlcv_price_volume_proxy,1023900577.9999999,outflow
2025-11-22,0.0,0.0,ohlcv_price_volume_proxy,0.0,flat
2025-11-23,0.0,0.0,ohlcv_price_volume_proxy,0.0,flat
2025-11-24,237482952.72727734,237.48295272727734,ohlcv_price_volume_proxy,522462496.0,inflow
2025-11-25,-7.174392931593397e-06,-7.174392931593397e-12,ohlcv_price_volume_proxy,484658900.0,outflow
2025-11-26,-451668041.666668,-451.668041666668,ohlcv_price_volume_proxy,542001650.0,outflow
2025-11-27,-618446400.0,-618.4464,ohlcv_price_volume_proxy,618446400.0,outflow
2025-11-28,546587170.7999959,546.5871707999959,ohlcv_price_volume_proxy,745346142.0,inflow
2025-11-29,0.0,0.0,ohlcv_price_volume_proxy,0.0,flat
2025-11-30,0.0,0.0,ohlcv_price_volume_proxy,0.0,flat
2025-12-01,-87179668.00000618,-87.17966800000619,ohlcv_price_volume_proxy,435898339.99999994,outflow
2025-12-02,8.314206922932494e-06,8.314206922932494e-12,ohlcv_price_volume_proxy,374438592.00000006,inflow
2025-12-03,-320422132.80000275,-320.42213280000277,ohlcv_price_volume_proxy,436939272.0,outflow
2025-12-04,29614096.000004783,29.614096000004782,ohlcv_price_volume_proxy,325755056.0,inflow
2025-12-05,358036361.99999994,358.03636199999994,ohlcv_price_volume_proxy,358036361.99999994,inflow
2025-12-06,0.0,0.0,ohlcv_price_volume_proxy,0.0,flat
2025-12-07,0.0,0.0,ohlcv_price_volume_proxy,0.0,flat
2025-12-08,121892191.00000723,121.89219100000723,ohlcv_price_volume_proxy,365676573.0,inflow
2025-12-09,-356042081.59998745,-356.04208159998745,ohlcv_price_volume_proxy,445052602.00000006,outflow
2025-12-10,444548976.00000006,444.54897600000004,ohlcv_price_volume_proxy,444548976.00000006,inflow
2025-12-11,-394838569.2307712,-394.83856923077116,ohlcv_price_volume_proxy,466627400.0,outflow
2025-12-12,386143905.0000051,386.14390500000513,ohlcv_price_volume_proxy,617830248.0,inflow
2025-12-13,0.0,0.0,ohlcv_price_volume_proxy,0.0,flat
2025-12-14,0.0,0.0,ohlcv_price_volume_proxy,0.0,flat
2025-12-15,-273678148.3333225,-273.6781483333225,ohlcv_price_volume_proxy,351871905.0,outflow
2025-12-16,225794648.769239,225.79464876923902,ohlcv_price_volume_proxy,2935330434.0,inflow
2025-12-17,-560611131.4285771,-560.6111314285771,ohlcv_price_volume_proxy,1569711168.0,outflow
2025-12-18,-244384582.00000724,-244.38458200000724,ohlcv_price_volume_proxy,733153746.0,outflow
2025-12-19,129333959.0909117,129.3339590909117,ohlcv_price_volume_proxy,711336775.0,inflow
2025-12-20,0.0,0.0,ohlcv_price_volume_proxy,0.0,flat
2025-12-21,0.0,0.0,ohlcv_price_volume_proxy,0.0,flat
2025-12-22,-1766288196.6666484,-1766.2881966666484,ohlcv_price_volume_proxy,2509988490.0,outflow
2025-12-23,-778079291.3333448,-778.0792913333448,ohlcv_price_volume_proxy,1167118937.0,outflow
2025-12-24,485127810.36364084,485.12781036364083,ohlcv_price_volume_proxy,762343702.0,inflow
2025-12-25,-164314767.27272198,-164.31476727272198,ohlcv_price_volume_proxy,602487480.0,outflow
2025-12-26,266171460.0000014,266.1714600000014,ohlcv_price_volume_proxy,975962019.9999999,inflow
2025-12-27,0.0,0.0,ohlcv_price_volume_proxy,0.0,flat
2025-12-28,0.0,0.0,ohlcv_price_volume_proxy,0.0,flat
2025-12-29,-593164287.6923091,-593.1642876923091,ohlcv_price_volume_proxy,701012340.0,outflow
2025-12-30,-329686949.99999815,-329.68694999999815,ohlcv_price_volume_proxy,769269550.0,outflow
2025-12-31,-677297322.0,-677.297322,ohlcv_price_volume_proxy,677297322.0,outflow
2026-01-01,0.0,0.0,ohlcv_price_volume_proxy,0.0,flat
2026-01-02,0.0,0.0,ohlcv_price_volume_proxy,0.0,flat
2026-01-03,0.0,0.0,ohlcv_price_volume_proxy,0.0,flat
2026-01-04,0.0,0.0,ohlcv_price_volume_proxy,0.0,flat
2026-01-05,265052333.00001046,265.05233300001044,ohlcv_price_volume_proxy,795156999.0,inflow
2026-01-06,801812160.0000081,801.8121600000081,ohlcv_price_volume_proxy,1122537024.0,inflow
2026-01-07,-631698953.571435,-631.698953571435,ohlcv_price_volume_proxy,884378535.0,outflow
2026-01-08,387541629.5999862,387.5416295999862,ohlcv_price_volume_proxy,645902716.0,inflow
2026-01-09,-166014708.0000118,-166.0147080000118,ohlcv_price_volume_proxy,830073540.0,outflow
2026-01-10,0.0,0.0,ohlcv_price_volume_proxy,0.0,flat
2026-01-11,0.0,0.0,ohlcv_price_volume_proxy,0.0,flat
2026-01-12,1242516785.0,1242.516785,ohlcv_price_volume_proxy,1242516785.0,inflow
2026-01-13,-866269096.5882409,-866.2690965882408,ohlcv_price_volume_proxy,1132813434.0,outflow
2026-01-14,-518473617.8571516,-518.4736178571517,ohlcv_price_volume_proxy,1209771775.0,outflow
2026-01-15,-431760111.9999861,-431.7601119999861,ohlcv_price_volume_proxy,678480176.0000001,outflow
2026-01-16,-373755018.00000554,-373.7550180000055,ohlcv_price_volume_proxy,747510036.0,outflow
2026-01-17,0.0,0.0,ohlcv_price_volume_proxy,0.0,flat
2026-01-18,0.0,0.0,ohlcv_price_volume_proxy,0.0,flat
2026-01-19,-1.641590804031983e-05,-1.641590804031983e-11,ohlcv_price_volume_proxy,554480080.0,outflow
2026-01-20,-70555004.66667782,-70.55500466667782,ohlcv_price_volume_proxy,634995042.0,outflow
2026-01-21,-117127276.00001664,-117.12727600001665,ohlcv_price_volume_proxy,585636380.0,outflow
2026-01-22,-341377189.200008,-341.377189200008,ohlcv_price_volume_proxy,568961981.9999999,outflow
2026-01-23,265647037.4999941,265.6470374999941,ohlcv_price_volume_proxy,1062588150.0,inflow
2026-01-24,0.0,0.0,ohlcv_price_volume_proxy,0.0,flat
2026-01-25,0.0,0.0,ohlcv_price_volume_proxy,0.0,flat
2026-01-26,-870124164.0,-870.124164,ohlcv_price_volume_proxy,870124164.0,outflow
2026-01-27,-498444143.3333186,-498.4441433333186,ohlcv_price_volume_proxy,747666215.0,outflow
2026-01-28,-802644486.0000091,-802.644486000009,ohlcv_price_volume_proxy,1146634980.0,outflow
2026-01-29,1007304624.137935,1007.3046241379351,ohlcv_price_volume_proxy,1168473364.0,inflow
2026-01-30,-969577041.6000026,-969.5770416000026,ohlcv_price_volume_proxy,1077307823.9999998,outflow
2026-01-31,0.0,0.0,ohlcv_price_volume_proxy,0.0,flat
2026-02-01,0.0,0.0,ohlcv_price_volume_proxy,0.0,flat
2026-02-02,-574170536.6250018,-574.1705366250018,ohlcv_price_volume_proxy,656194899.0,outflow
2026-02-03,222155527.50000495,222.15552750000495,ohlcv_price_volume_proxy,444311055.0,inflow
2026-02-04,414344460.0000042,414.3444600000042,ohlcv_price_volume_proxy,580082244.0,inflow
2026-02-05,488364519.99998766,488.36451999998764,ohlcv_price_volume_proxy,854637910.0,inflow
2026-02-06,-352681842.2727285,-352.6818422727285,ohlcv_price_volume_proxy,431055584.99999994,outflow
2026-02-07,0.0,0.0,ohlcv_price_volume_proxy,0.0,flat
2026-02-08,0.0,0.0,ohlcv_price_volume_proxy,0.0,flat
2026-02-09,-76488310.7999837,-76.4883107999837,ohlcv_price_volume_proxy,382441554.0,outflow
2026-02-10,9.31776282797613e-06,9.317762827976131e-12,ohlcv_price_volume_proxy,419634732.0,inflow
2026-02-11,-361967034.0,-361.967034,ohlcv_price_volume_proxy,361967034.0,outflow
2026-02-12,-337071416.88889074,-337.0714168888907,ohlcv_price_volume_proxy,433377535.99999994,outflow
2026-02-13,-466876080.0,-466.87608,ohlcv_price_volume_proxy,466876080.0,outflow
2026-02-14,0.0,0.0,ohlcv_price_volume_proxy,0.0,flat
2026-02-15,0.0,0.0,ohlcv_price_volume_proxy,0.0,flat
2026-02-16,0.0,0.0,ohlcv_price_volume_proxy,0.0,flat
2026-02-17,0.0,0.0,ohlcv_price_volume_proxy,0.0,flat
2026-02-18,0.0,0.0,ohlcv_price_volume_proxy,0.0,flat
2026-02-19,0.0,0.0,ohlcv_price_volume_proxy,0.0,flat
2026-02-20,0.0,0.0,ohlcv_price_volume_proxy,0.0,flat
2026-02-21,0.0,0.0,ohlcv_price_volume_proxy,0.0,flat
2026-02-22,0.0,0.0,ohlcv_price_volume_proxy,0.0,flat
2026-02-23,0.0,0.0,ohlcv_price_volume_proxy,0.0,flat
2026-02-24,196992578.24999562,196.99257824999563,ohlcv_price_volume_proxy,525313542.0,inflow
2026-02-25,-756778992.6315827,-756.7789926315827,ohlcv_price_volume_proxy,958586724.0,outflow
2026-02-26,-157081274.9999814,-157.08127499998142,ohlcv_price_volume_proxy,471243825.0,outflow
2026-02-27,1.4645783075195475e-05,1.4645783075195475e-11,ohlcv_price_volume_proxy,494690574.0,inflow
2026-02-28,0.0,0.0,ohlcv_price_volume_proxy,0.0,flat
2026-03-01,0.0,0.0,ohlcv_price_volume_proxy,0.0,flat
2026-03-02,-488114102.8571306,-488.1141028571306,ohlcv_price_volume_proxy,854199680.0000001,outflow
2026-03-03,-1108331389.440002,-1108.3313894400019,ohlcv_price_volume_proxy,1204708032.0,outflow
2026-03-04,-131424215.99999534,-131.42421599999534,ohlcv_price_volume_proxy,657121080.0,outflow
2026-03-05,-241858286.00000536,-241.85828600000536,ohlcv_price_volume_proxy,483716572.0,outflow
2026-03-06,362617764.9999893,362.6177649999893,ohlcv_price_volume_proxy,435141318.0,inflow
2026-03-07,0.0,0.0,ohlcv_price_volume_proxy,0.0,flat
2026-03-08,0.0,0.0,ohlcv_price_volume_proxy,0.0,flat
2026-03-09,-9.299534031725955e-06,-9.299534031725955e-12,ohlcv_price_volume_proxy,628220669.9999999,outflow
2026-03-10,1.7249867623192075e-05,1.7249867623192076e-11,ohlcv_price_volume_proxy,388432487.0,inflow
2026-03-11,278062770.8571523,278.06277085715226,ohlcv_price_volume_proxy,648813132.0,inflow
2026-03-12,-57821334.28572309,-57.82133428572309,ohlcv_price_volume_proxy,404749340.0,outflow
2026-03-13,-169984724.66665995,-169.98472466665996,ohlcv_price_volume_proxy,509954174.0,outflow
2026-03-14,0.0,0.0,ohlcv_price_volume_proxy,0.0,flat
2026-03-15,0.0,0.0,ohlcv_price_volume_proxy,0.0,flat
2026-03-16,416086650.00000125,416.08665000000127,ohlcv_price_volume_proxy,499303980.0,inflow
2026-03-17,-357842492.0000033,-357.8424920000033,ohlcv_price_volume_proxy,562323916.0,outflow
2026-03-18,-129226194.81818737,-129.22619481818737,ohlcv_price_volume_proxy,473829380.99999994,outflow
2026-03-19,-435716449.7142876,-435.7164497142876,ohlcv_price_volume_proxy,508335858.0,outflow
2026-03-20,-628438469.2758629,-628.438469275863,ohlcv_price_volume_proxy,674989467.0,outflow
2026-03-21,0.0,0.0,ohlcv_price_volume_proxy,0.0,flat
2026-03-22,0.0,0.0,ohlcv_price_volume_proxy,0.0,flat
2026-03-23,-664777698.5454576,-664.7776985454576,ohlcv_price_volume_proxy,812506075.9999999,outflow
2026-03-24,391905930.0000026,391.9059300000026,ohlcv_price_volume_proxy,548668302.0,inflow
2026-03-25,195488384.00000772,195.48838400000773,ohlcv_price_volume_proxy,586465152.0,inflow
2026-03-26,-458262352.9411777,-458.2623529411777,ohlcv_price_volume_proxy,519364000.0,outflow
2026-03-27,279575604.00000167,279.57560400000165,ohlcv_price_volume_proxy,403831428.0,inflow
2026-03-28,0.0,0.0,ohlcv_price_volume_proxy,0.0,flat
2026-03-29,0.0,0.0,ohlcv_price_volume_proxy,0.0,flat
2026-03-30,156960851.99999025,156.96085199999027,ohlcv_price_volume_proxy,392402130.0,inflow
2026-03-31,-417978913.0434817,-417.9789130434817,ohlcv_price_volume_proxy,640901000.0,outflow
2026-04-01,-144454066.00000426,-144.45406600000427,ohlcv_price_volume_proxy,433362197.99999994,outflow
2026-04-02,-301200315.23077106,-301.2003152307711,ohlcv_price_volume_proxy,435067122.0,outflow
2026-04-03,-214795325.26667246,-214.79532526667245,ohlcv_price_volume_proxy,460275697.0,outflow
2026-04-04,0.0,0.0,ohlcv_price_volume_proxy,0.0,flat
2026-04-05,0.0,0.0,ohlcv_price_volume_proxy,0.0,flat
2026-04-06,0.0,0.0,ohlcv_price_volume_proxy,0.0,flat
2026-04-07,66262409.60000471,66.26240960000472,ohlcv_price_volume_proxy,331312048.0,inflow
2026-04-08,679148680.0,679.14868,ohlcv_price_volume_proxy,679148680.0,inflow
2026-04-09,-357921614.4000016,-357.9216144000016,ohlcv_price_volume_proxy,447402018.0,outflow
2026-04-10,31721332.76189832,31.72133276189832,ohlcv_price_volume_proxy,666147988.0,inflow
2026-04-11,0.0,0.0,ohlcv_price_volume_proxy,0.0,flat
2026-04-12,0.0,0.0,ohlcv_price_volume_proxy,0.0,flat
2026-04-13,279197532.0000033,279.19753200000326,ohlcv_price_volume_proxy,465329220.0,inflow
2026-04-14,41289464.66665851,41.28946466665851,ohlcv_price_volume_proxy,371605182.0,inflow
2026-04-15,-268632649.60000235,-268.63264960000237,ohlcv_price_volume_proxy,335790811.99999994,outflow
2026-04-16,-246849623.99999416,-246.84962399999415,ohlcv_price_volume_proxy,1234248120.0,outflow
2026-04-17,-362683119.9999893,-362.6831199999893,ohlcv_price_volume_proxy,725366240.0,outflow
2026-04-18,0.0,0.0,ohlcv_price_volume_proxy,0.0,flat
2026-04-19,0.0,0.0,ohlcv_price_volume_proxy,0.0,flat
2026-04-20,-459111766.9090994,-459.1117669090994,ohlcv_price_volume_proxy,721461348.0,outflow
2026-04-21,-424476773.999978,-424.476773999978,ohlcv_price_volume_proxy,565969032.0,outflow
2026-04-22,-357911689.6551729,-357.9116896551729,ohlcv_price_volume_proxy,1153271000.0,outflow
